Article_Titles,Links,Authors,Date
Student Loan Breach Exposes 2.5M Records,https://threatpost.com/student-loan-breach-exposes-2-5m-records/180492/,Nate Nelson,2022-08-31T08:57:48-04:00
Watering Hole Attacks Push ScanBox Keylogger,https://threatpost.com/watering-hole-attacks-push-scanbox-keylogger/180490/,Nate Nelson,2022-08-30T12:00:43-04:00
Tentacles of ‘0ktapus’ Threat Group Victimize 130 Firms,https://threatpost.com/0ktapus-victimize-130-firms/180487/,Nate Nelson,2022-08-29T10:56:19-04:00
Ransomware Attacks are on the Rise,https://threatpost.com/ransomware-attacks-are-on-the-rise/180481/,Nate Nelson,2022-08-26T12:44:27-04:00
Inside the Hackers’ Toolkit – Podcast,https://threatpost.com/inside-hackers-toolkit/180360/,Nate Nelson,2022-08-10T20:00:00-04:00
Being Prepared for Adversarial Attacks – Podcast,https://threatpost.com/threatpost-manky-fortinet/179821/,Nate Nelson,2022-06-01T20:00:00-04:00
The State of Secrets Sprawl – Podcast,https://threatpost.com/gitguardian-state-of-secrets-sprawl/179525/,Nate Nelson,2022-05-08T20:00:00-04:00
A Blockchain Primer and a Bored Ape Headscratcher – Podcast,https://threatpost.com/a-blockchain-primer-and-a-bored-ape-headscratcher-podcast/179179/,Nate Nelson,2022-03-30T20:00:00-04:00
Security Innovation: Secure Systems Start with Foundational Hardware,https://threatpost.com/webinars/secure-systems-start-with-hardware/,Nate Nelson,2022-02-14T19:00:00-05:00
Securely Access Your Machines from Anywhere – Presented by Keeper Security,https://threatpost.com/webinars/securely-access-your-machines-from-anywhere-presented-by-keeper-security/,Nate Nelson,2022-02-14T19:00:00-05:00
Log4j Exploit: Lessons Learned and Risk Reduction Best Practices,https://threatpost.com/webinars/lessons-learned-from-log4j-exploit/,Nate Nelson,2022-02-14T19:00:00-05:00
How to ID and Protect Sensitive Cloud Data: The Secret to Keeping Secrets,https://threatpost.com/webinars/protect-sensitive-cloud-data/,Nate Nelson,2022-02-14T19:00:00-05:00
Cloud Security: The Forecast for 2022,https://threatpost.com/ebooks/cloud-security-the-forecast-for-2022/,Nate Nelson,2022-02-14T19:00:00-05:00
2021: The Evolution of Ransomware,https://threatpost.com/ebooks/2021-the-evolution-of-ransomware/,Nate Nelson,2021-04-18T20:00:00-04:00
Healthcare Security Woes Balloon in a Covid-Era World,https://threatpost.com/ebooks/healthcare-security-woes-balloon-in-a-covid-era-world/,Nate Nelson,2020-11-23T19:00:00-05:00
2020 in Security: Four Stories from the New Threat Landscape,https://threatpost.com/ebooks/2020-in-security-four-stories-from-the-new-threat-landscape/,Nate Nelson,2020-08-03T20:00:00-04:00
Cybercriminals Are Selling Access to Chinese Surveillance Cameras,https://threatpost.com/cybercriminals-are-selling-access-to-chinese-surveillance-cameras/180478/,Nate Nelson,2022-08-25T14:47:15-04:00
Twitter Whistleblower Complaint: The TL;DR Version,https://threatpost.com/twitter-whistleblower-tldr-version/180472/,Threatpost,2022-08-24T10:17:04-04:00
Firewall Bug Under Active Attack Triggers CISA Warning,https://threatpost.com/firewall-bug-under-active-attack-cisa-warning/180467/,Threatpost,2022-08-23T09:19:58-04:00
Fake Reservation Links Prey on Weary Travelers,https://threatpost.com/reservation-links-prey-on-travelers/180462/,Nate Nelson,2022-08-22T09:59:06-04:00
iPhone Users Urged to Update to Patch 2 Zero-Days,https://threatpost.com/iphone-users-urged-to-update-to-patch-2-zero-days-under-attack/180448/,Elizabeth Montalbano,2022-08-19T11:25:56-04:00
Is your Java up to date?,https://threatpost.com/your-java-date-022309/72384/,Unknown,2009-02-23T21:30:18-05:00
Top 5 Tips to Avoid Viruses and Spyware,https://threatpost.com/top-5-tips-avoid-viruses-and-spyware-022309/72383/,Unknown,2009-02-23T21:39:47-05:00
U.S. needs to investigate cyberweapons,https://threatpost.com/us-needs-investigate-cyberweapons-022409/72778/,Unknown,2009-02-24T15:45:33-05:00
"Six months later, DNS still taking a hit",https://threatpost.com/six-months-later-dns-still-taking-hit-022409/72382/,Unknown,2009-02-24T16:22:30-05:00
Pwn2Own 2009: Browsers and smart phones are targets,https://threatpost.com/pwn2own-2009-browsers-and-smart-phones-are-targets-022509/72380/,Unknown,2009-02-25T13:35:37-05:00
Protecting Phones From Pegasus-Like Spyware Attacks,https://threatpost.com/protecting-phones-from-pegasus-like-spyware-attacks/167909/,Unknown,2021-07-19T13:49:50-04:00
Telegram Fraudsters Ramp Up Forged COVID-19 Vaccine Card Sales,https://threatpost.com/telegram-forged-covid-19-vaccine-cards/166093/,Unknown,2021-05-12T15:51:46-04:00
Spotlight on Cybercriminal Supply Chains,https://threatpost.com/spotlight-on-the-cybercriminal-supply-chains/165552/,Unknown,2021-04-22T15:06:45-04:00
Breaking Down Joe Biden’s $10B Cybersecurity ‘Down Payment’,https://threatpost.com/breaking-down-joe-bidens-10b-cybersecurity-down-payment/163304/,Unknown,2021-01-25T16:51:13-05:00
CISOs Prep For COVID-19 Exposure Notification in the Workplace,https://threatpost.com/cisos-prep-for-covid-19-exposure-notification-in-the-workplace/162988/,Unknown,2021-01-13T09:00:07-05:00
"Cyber-Spike: Orgs Suffer 925 Attacks per Week, an All-Time High",https://threatpost.com/cyber-spike-attacks-high-log4j/177481/,Unknown,2022-01-10T11:29:55-05:00
PYSA Emerges as Top Ransomware Actor in November,https://threatpost.com/pysa-top-ransomware-november/177242/,Unknown,2021-12-22T13:39:08-05:00
Encrypted & Fileless Malware Sees Big Growth,https://threatpost.com/encrypted-fileless-malware-growth/175306/,Unknown,2021-10-04T16:31:06-04:00
Innovative Proxy Phantom ATO Fraud Ring Haunts eCommerce Accounts,https://threatpost.com/proxy-phantom-fraud-ecommerce-accounts/175241/,Unknown,2021-09-30T13:05:09-04:00
"Women, Minorities Are Hacked More Than Others",https://threatpost.com/women-minorities-hacked/175038/,Unknown,2021-09-27T14:27:15-04:00
Inside the Hackers’ Toolkit – Podcast,https://threatpost.com/inside-hackers-toolkit/180360/,Unknown,2022-08-11T00:30:16-04:00
Being Prepared for Adversarial Attacks – Podcast,https://threatpost.com/threatpost-manky-fortinet/179821/,Unknown,2022-06-02T06:20:25-04:00
The State of Secrets Sprawl – Podcast,https://threatpost.com/gitguardian-state-of-secrets-sprawl/179525/,Unknown,2022-05-09T06:43:12-04:00
Cyberattackers Put the Pedal to the Medal: Podcast,https://threatpost.com/cyberattackers-speed-fortinet-podcast/179294/,Unknown,2022-04-18T09:00:30-04:00
MacOS Malware: Myth vs. Truth – Podcast,https://threatpost.com/macos-malware-myth-vs-truth-podcast/179215/,Unknown,2022-04-07T09:00:56-04:00
A Blockchain Primer and a Bored Ape Headscratcher – Podcast,https://threatpost.com/a-blockchain-primer-and-a-bored-ape-headscratcher-podcast/179179/,Unknown,2022-03-31T09:00:09-04:00
Top 3 Attack Trends in API Security – Podcast,https://threatpost.com/top-3-attack-trends-in-api-security-podcast/179064/,Unknown,2022-03-24T09:00:59-04:00
Reporting Mandates to Clear Up Feds’ Hazy Look into Threat Landscape – Podcast,https://threatpost.com/reporting-mandates-to-clear-up-feds-hazy-look-into-threat-landscape-podcast/178947/,Unknown,2022-03-17T09:00:38-04:00
Staff Think Conti Group Is a Legit Employer – Podcast,https://threatpost.com/staff-think-conti-group-legit-employer-podcast/178903/,Unknown,2022-03-14T17:50:45-04:00
"Lyceum APT Returns, This Time Targeting Tunisian Firms",https://threatpost.com/lyceum-apt-tunisian-firms/175579/,Unknown,2021-10-19T13:16:42-04:00
National Surveillance Camera Rollout Roils Privacy Activists,https://threatpost.com/camera-roll-out-roils-privacy-activists/164502/,Unknown,2021-03-04T12:21:34-05:00
Malware Gangs Partner Up in Double-Punch Security Threat,https://threatpost.com/malware-gangs-partner-up-in-double-punch-security-threat/164279/,Unknown,2021-02-26T11:22:56-05:00
How Email Attacks are Evolving in 2021,https://threatpost.com/email-security-attacks-bec/163869/,Unknown,2021-02-11T10:52:38-05:00
Patrick Wardle on Hackers Leveraging ‘Powerful’ iOS Bugs in High-Level Attacks,https://threatpost.com/patrick-wardle-on-hackers-leveraging-powerful-ios-bugs-in-high-level-attacks/162521/,Unknown,2020-12-22T09:00:37-05:00
Ransomware and IP Theft: Top COVID-19 Healthcare Security Scares,https://threatpost.com/ransomware-ip-theft-top-covid-19-healthcare-security-scares/162247/,Unknown,2020-12-15T09:00:44-05:00
How the Pandemic is Reshaping the Bug-Bounty Landscape,https://threatpost.com/pandemic-reshaping-bug-bounty-landscape/160644/,Unknown,2020-10-28T13:23:27-04:00
Experts Weigh in on E-Commerce Security Amid Snowballing Threats,https://threatpost.com/experts-weigh-in-ecommerce-security/160630/,Unknown,2020-10-28T08:00:12-04:00
Cybercriminals Step Up Their Game Ahead of U.S. Elections,https://threatpost.com/cybercriminals-step-up-game-us-elections/160373/,Unknown,2020-10-21T09:48:03-04:00
2020 Cybersecurity Trends to Watch,https://threatpost.com/2020-cybersecurity-trends-to-watch/151459/,Unknown,2019-12-31T06:01:16-05:00
Top Mobile Security Stories of 2019,https://threatpost.com/top-mobile-security-stories-2019/151420/,Unknown,2019-12-30T09:00:14-05:00
Facebook Security Debacles: 2019 Year in Review,https://threatpost.com/facebook-security-debacles-2019-year-in-review/151306/,Unknown,2019-12-27T09:00:47-05:00
Biggest Malware Threats of 2019,https://threatpost.com/biggest-malware-threats-of-2019/151423/,Unknown,2019-12-24T13:13:21-05:00
Top 10 IoT Disasters of 2019,https://threatpost.com/top-10-iot-disasters-of-2019/151235/,Unknown,2019-12-23T09:00:36-05:00
2019 Malware Trends to Watch,https://threatpost.com/2019-malware-trends-to-watch/140344/,Unknown,2019-01-01T07:07:11-05:00
Top 2018 Security and Privacy Stories,https://threatpost.com/top-2018-security-and-privacy-stories/140312/,Unknown,2018-12-26T07:35:56-05:00
2019: The Year Ahead in Cybersecurity,https://threatpost.com/2019-the-year-ahead-in-cybersecurity/140272/,Unknown,2018-12-25T07:00:08-05:00
2018: A Banner Year for Breaches,https://threatpost.com/2018-biggest-breaches/140346/,Unknown,2018-12-24T07:00:20-05:00
